algoritmo,memoria_media_MB
bcrypt,8.171274531668153
sha256,8.120000000000001
